variable,spearman_rho,p_value,n,alpha
DC_Voltage,0.955415853594139,2.092149213940583e-24,45,0.01
DC_Current,0.955415853594139,2.092149213940583e-24,45,0.01
DC_Power,0.955415853594139,2.092149213940583e-24,45,0.01
