variable,group1,group2,u_statistic,p_value,rank_biserial_r,common_language_effect_size,group1_median,group2_median,R1,R2,n1,n2,alpha
DC_Voltage,Standalone,Integrated,1620.0,1.4801773458405789e-09,-0.6000000000000001,0.8,0.001,0.0,2655.0,1440.0,45,45,0.01
DC_Current,Standalone,Integrated,1620.0,1.4801773458405789e-09,-0.6000000000000001,0.8,1e-05,0.0,2655.0,1440.0,45,45,0.01
DC_Power,Standalone,Integrated,1620.0,1.4801773458405789e-09,-0.6000000000000001,0.8,1e-08,0.0,2655.0,1440.0,45,45,0.01
