variable,factor,H_statistic,omnibus_p_value,epsilon_squared,df,k,n,alpha,scope
DC_Voltage,SPL_dB,42.361943440926225,1.4034644895036217e-08,0.9590485860231557,4,5,45,0.01,Standalone
DC_Voltage,Environment,0.48435219947582453,0.7849179415367364,0.0,2,3,45,0.01,Standalone
DC_Current,SPL_dB,42.361943440926225,1.4034644895036217e-08,0.9590485860231557,4,5,45,0.01,Standalone
DC_Current,Environment,0.48435219947582453,0.7849179415367364,0.0,2,3,45,0.01,Standalone
DC_Power,SPL_dB,42.361943440926225,1.4034644895036217e-08,0.9590485860231557,4,5,45,0.01,Standalone
DC_Power,Environment,0.48435219947582453,0.7849179415367364,0.0,2,3,45,0.01,Standalone
