variable,log_likelihood,deviance,pseudo_r2,AIC,BIC,pearson_chi2,dispersion_phi,link_function,nobs,df_model,df_resid
DC_Voltage,inf,0.10206522058078234,0.9982589436910453,-inf,-114.09780947252881,0.10442388300896227,0.0034807961002987424,log,45,14.0,30.0
DC_Current,inf,0.010206633308170386,0.9982589247137018,-inf,-114.18966805980142,0.010442416113418696,0.0003480805371139565,log,45,14.0,30.0
DC_Power,inf,0.005663928537290589,0.9991881909140499,-inf,-114.1942107645723,0.005294451209253498,0.00017648170697511658,log,45,14.0,30.0
